﻿<?xml version="1.0" encoding="utf-8"?><DEFECTS><DEFECT>
    <SFA>
      <FILEPATH>C:\Users\thebi\OneDrive\Documents\C-_Trial\TicTacToe\</FILEPATH>
      <FILENAME>TicTacToe.cpp</FILENAME>
      <LINE>110</LINE>
      <COLUMN>17</COLUMN>
    </SFA>
    <DEFECTCODE>6289</DEFECTCODE>
    <DESCRIPTION>Incorrect operator:  mutual exclusion over || is always a non-zero constant.  Did you intend to use &amp;&amp; instead?</DESCRIPTION>
    <FUNCTION>pickALetter</FUNCTION>
    <DECORATED>?pickALetter@@YAHXZ</DECORATED>
    <FUNCLINE>107</FUNCLINE>
    <PATH></PATH>
  </DEFECT></DEFECTS>